"Entry Name,Entry Type,Photo1"
"Иконы,Folder,"
"Авва Герасим 7 1/8 х 9 1/2,Item,https://lnk.sortly.co/v2/downloads/photo/v2_EbZJaJ4CGlyQN_zgUkRjadJ2SgNMoOw6eCu1jSDz_hzyJ3qYxyhZNA=="
"Александра 4 3/8 х 5 3/8,Item,https://lnk.sortly.co/v2/downloads/photo/v2_YUOT_2aoAoBlivtC-Z_eDPjTsbKCtnSFwaXYH07GJ5HJ5g-vteHM4g=="
"Ангел Хранитель 14 3/4 х 19 1/4,Item,https://lnk.sortly.co/v2/downloads/photo/v2_X_YJDeAbHF8yrChkCH7cFUFP3ymoLJG0Go9ja8gC5RN01fre9E09xg=="
"Антипасха 10 х 10,Item,https://lnk.sortly.co/v2/downloads/photo/v2_JJzkZ87erOvqq9qAA9ZgreViP_ppNHNFgAdgcp26vDm_PYnnHyP90Q=="
"Антоний Великий 9 3/8 х 11 3/4,Item,https://lnk.sortly.co/v2/downloads/photo/v2_ERT9jGbIGC6cBa1zwgwkaFnDqRrEWcn4ZHvoJ3dFc_NdaVFG9w64JA=="
"Арсений 4 3/8 х 5 3/8,Item,https://lnk.sortly.co/v2/downloads/photo/v2_VEsFKYT6i89oYX6tgWLkvT4RM93O4mOE6QAZVSZM51CQU5TCA8833g=="
"Арх. Михаил + Св. Аликсий + Преп. Марфа 10 х 12 1/8,Item,https://lnk.sortly.co/v2/downloads/photo/v2_1YjStcOkpqJYXs5z90cjZbdw86PqP2l0R2JCRhqPVtdUApK9O0_NKA=="
"Архангел Гавриил 8 3/4 х 10 1/4,Item,https://lnk.sortly.co/v2/downloads/photo/v2_4RB7T8LZIihN0Avu1AJCIT0Z4eruMvP78EF1kGXvbmBCS8FPkRZfSA=="
"Благовещение 12 1/2 х 15,Item,https://lnk.sortly.co/v2/downloads/photo/v2_27PLfzAjTXWS-kL8yIvtqGkFzct8qrwBIHZuty5gkZmtE87vTzKRzA=="
"Благовещение 5 1/4 х 9 1/4,Item,https://lnk.sortly.co/v2/downloads/photo/v2_pOO1nDAOTr_aT62Z4aIw-FTuJHxM1QywBfKVXXHt6Lp3vHEZdRV3OA=="
"Блгородица 12 3/4 х 16 3/4,Item,https://lnk.sortly.co/v2/downloads/photo/v2_smouUTmZ3PwbCwLX0x9kCLYa4qQ61POmKeOGoAqTsSD9GzEKPpH0ag=="
"Богородица (Афонская) 12 х 15 3/4,Item,https://lnk.sortly.co/v2/downloads/photo/v2_NHU2ihafXiGf7VZzKFpBkfmE3sVVRDuehqZLubjH67vp9FD1ICmTaw=="
"Богородица (Владимирская) 9 7/8 х 11 1/4,Item,https://lnk.sortly.co/v2/downloads/photo/v2_aJ0RvIpwr1jTeeTvmXcO4R2Qu4Pj616ySOgQqjXV-KjiFlCADDb9aQ=="
"Богородица (Иверская) 25 3/8 х 32 5/8,Item,https://lnk.sortly.co/v2/downloads/photo/v2_aoIldBKiXEeozUgwFxiVxBrKIiSMherJuN3yg3ctehEY4r98yIJgeg=="
"Богородица (Прибавление Ума) 8 5/8 х 11 7/8,Item,https://lnk.sortly.co/v2/downloads/photo/v2__Lfy5t1ETVjrncJUcVjLdX9bl6RgyFERvE-yZCBu-G7gF8jKItm8KA=="
"""Богородица (валаамская, в кивоте) 8 1/4 х 13"",Item,https://lnk.sortly.co/v2/downloads/photo/v2_Buy9M1_LFcx0NxsH12gEPfDiSsgqg2kPEp4zYNdZPwXP0myjoxKmrw=="
"Богородица (грузинская) 8 1/2 х 11 7/8,Item,https://lnk.sortly.co/v2/downloads/photo/v2_A9hJNk3TOhhRaPnI0Z7-5nZpL_ejgKXpmqnXFrcTLGRzZfhmu5YPTg=="
"Богородица (сребро) 9 х 10 1/2,Item,https://lnk.sortly.co/v2/downloads/photo/v2_p4Nn96ENpkvOSwCtMF7GUwrr7lvqa_MAK1hv-aKcjKJwKkwrq5ojPw=="
"Богородица 10 1/4 х 12,Item,https://lnk.sortly.co/v2/downloads/photo/v2_TGBroFW0R4i3Jr0cBiXTZ1F9WN05Hgo1swb5Gr0SslHxahbaSEG5LQ=="
"Богородица 10 1/4 х 13 5/8,Item,https://lnk.sortly.co/v2/downloads/photo/v2_9EgQ9bbWO-dAdzR2AuGxFZRvr_gvd4SFBdcqSOE3Ns7JRA5o64M9nw=="
"Богородица 10 х 13 1/2,Item,https://lnk.sortly.co/v2/downloads/photo/v2_EGhTncwQVugpxL4elko3hTphWhV8JUmxskCGFXm9ZhrU2R4teXmthQ=="
"Богородица 10 х 13 1/4,Item,https://lnk.sortly.co/v2/downloads/photo/v2_ArMGyI-2cFWAYPRn73m41jHLqoULKrCiWtCHrxitFH1b9fyWL2V4Og=="
"Богородица 11 1/2 х 31 1/2,Item,https://lnk.sortly.co/v2/downloads/photo/v2_MjLx_1BSR_FJjcGBAJvOyROkxPthdBJY62RLXrLJQF9rJ55yyithow=="
"Богородица 11 3/4 х 15 3/4,Item,https://lnk.sortly.co/v2/downloads/photo/v2_PucowlcV5gYYkqm8t5-foa9CnKFdMQvFfqWyJXs8_xCPfIBfPnRArw=="
"Богородица 11 3/8 х 13 1/2,Item,https://lnk.sortly.co/v2/downloads/photo/v2_hbRlzhk5oIGu7DHh3VQXg6acg6rlW0JnllIR5VcemwOqMc9v6el1zA=="
"Богородица 11 х 14 1/2,Item,https://lnk.sortly.co/v2/downloads/photo/v2_XiIYRkkOJMhgT5FvUV4klOWAZ_QQhFTYMqGfoT8BEH6oUzDg0bqKMA=="
"Богородица 12 1/8 х 13 3/4,Item,https://lnk.sortly.co/v2/downloads/photo/v2_fNRiJWXNq5i3v1IvLf8XPBp2gm7FQWSv5UTj4tQ2JZheZvBO-D0F4A=="
"Богородица 16 1/2 х 19 1/4,Item,https://lnk.sortly.co/v2/downloads/photo/v2_H1dG2TNrpc-3OJrYGneaHFudQ_ihOPY57KGMG_CMKLGLoPnpB7j0_w=="
"Богородица 17 3/4 х 21 3/4,Item,https://lnk.sortly.co/v2/downloads/photo/v2_Bs20oIMBc4lsJ_DtAaSgRryr-w3g4OC0i0uyfFCls8a5ULzjjqOG-A=="
"Богородица 22 х 26,Item,https://lnk.sortly.co/v2/downloads/photo/v2_jgyBWOVBrE0ImNBKWXywtvtCqXsuVX1CGpbzL08IrjsgQ7q6YpgYdw=="
"Богородица 5 5/8 х 6 1/2,Item,https://lnk.sortly.co/v2/downloads/photo/v2_s7UIrXWbgADK34KH0ms4sPJhiZrqeEEa3BbHOMlhKqnNCZzbY28K7w=="
"Богородица 6 1/8 х 8 3/8,Item,https://lnk.sortly.co/v2/downloads/photo/v2_B_AZY6bYaNYgJt8NimW2UBE0QVmQdRy2dZdMXNPSXdNYwpFE3Y2n4w=="
"Богородица 6 3/4 х 8 1/8,Item,https://lnk.sortly.co/v2/downloads/photo/v2_nvDDS77Go_wE7JZbzMBIWczXVkVSJEhld2__k-ZCoUwED1dU3AANLQ=="
"Богородица 8 х 15 1/2,Item,https://lnk.sortly.co/v2/downloads/photo/v2_zQHGLU4vzu56pqSpwKjh0Gqf1Vw62_qr4Abd1hsRz-mynUJyJ-V-kw=="
"Богородица 9 1/8 х 11 5/8,Item,https://lnk.sortly.co/v2/downloads/photo/v2_i-BBQGcp8rlgrqw2tXKDDUebnl5oNP5ALdR_SFOCbd3c7-3UyDPxzg=="
"Богородица 9 х 12 3/4,Item,https://lnk.sortly.co/v2/downloads/photo/v2_5tWi_VKoZDv7RUx3ojquOZBKERNn6FzO-kh4v3OFzo8cb5VDzP6_tQ=="
"Богородица Владимирская 13 х 15 7/8,Item,https://lnk.sortly.co/v2/downloads/photo/v2_YYJk3HRYFbAihvth2gzdwkFVxjmhk4WNmVyHMaVybU2QVqvU2FIIZg=="
"Богородица Почаевская 12 1/2 х 14,Item,https://lnk.sortly.co/v2/downloads/photo/v2_snIacsQjETndRDEsfp_pKjVU3aHG03F2SQLw2BRuN_4M1jQcM-ZW_Q=="
"Богородица семистрельная 13 х 15 3/4,Item,https://lnk.sortly.co/v2/downloads/photo/v2_Klz4KKM4UIuIylhMr2C3aVGBs6s0XMCGYZaZCXirPtU2udk7EFPeLw=="
"Валентина 11 1/4 х 14 1/2,Item,https://lnk.sortly.co/v2/downloads/photo/v2_G9PWq7i4yk7qcKnnuBpP3rjVoNSx5vgaBuJYC2Bn4OIWOjzNBP-39g=="
"Введение 12 7/8 х 15 7/8,Item,https://lnk.sortly.co/v2/downloads/photo/v2_cxPg39hYQiZ0AMLbIytnQaMUN9s78OvpzinsedMCFyZOn2v5hzxEaw=="
"Вознесение 12 7/8 х 16,Item,https://lnk.sortly.co/v2/downloads/photo/v2_Rvt5oFnY64JqXBo1KKn8scRPHqlPFIeK_piT-hL18T6A_CSh2T3ocA=="
"Вознесение 13 5/8 х 16 1/4,Item,https://lnk.sortly.co/v2/downloads/photo/v2_MU9PwpR5xx3CSkMQB1ahNwwwmkuRAT2WziOtkbAcANzoV-SDf_u-rA=="
"Воскресенье Госп. 12 1/2 х 14 3/4,Item,https://lnk.sortly.co/v2/downloads/photo/v2_3cdgvGoDdMVnX1YkvRsq3LA6V0-vSPzoRN9QDKQcarpsq8s_8NVryQ=="
"Всех святых 9 1/2 х 11 3/4,Item,https://lnk.sortly.co/v2/downloads/photo/v2_NR5az01A_nryoSXiBPgze8wGdQgv6CRD420aducGXfVr2iTGO0fdnA=="
"Вход Господня в Иерусалим 12 1/2 х 15 1/8,Item,https://lnk.sortly.co/v2/downloads/photo/v2_GqketyYngoteXhVeVhpSiEwBbsLAvPjrhQ7SiXAujSI04_OA2S873g=="
"Георгий 7 7/8 х 11 7/8,Item,https://lnk.sortly.co/v2/downloads/photo/v2_ASkPIpEFFM31TEfdMeJuTpQoBs9JN8Fd_IRiYaqDVuEBH37it1jcLg=="
"Георгий победоносец 14 1/2 х 18 1/2,Item,https://lnk.sortly.co/v2/downloads/photo/v2_53P_Dvvm_bTVGNJZpa3pO5TXZ86NHAnhjO6EdOPdvdWdSJo7fV3y_g=="
"Глава Св. Иоанна 13 1/2 х 15 1/2,Item,https://lnk.sortly.co/v2/downloads/photo/v2_AsRbqnX0_t15Kja4HXANfafRjTVj5fFSdButgjPigmetmp165j2qlg=="
"Господь Вседержитель 16 1/2 х 19 1/4,Item,https://lnk.sortly.co/v2/downloads/photo/v2_BOpK8h_kmUas6EnZpQHctyO6tqBNxi2giApwMR7Fuh8erTXLGniutA=="
"Дмитрий Ростовский 9 1/2 х 11 3/4,Item,https://lnk.sortly.co/v2/downloads/photo/v2_3SidAWIBs6CjoKvRZr8cXN11ax4--y6WsfbbPrTZzaAL7_UTiVEJNw=="
"Женевьева 14 7/8 х 18 7/8,Item,https://lnk.sortly.co/v2/downloads/photo/v2_vY6Ndqo-ad2rpGwzymsYXv3guJHHbTm5caYOtrfcmQUVv05wGBN5sQ=="
"Иоан Златоуст 8 1/4 х 11 1/8,Item,https://lnk.sortly.co/v2/downloads/photo/v2_2SV7IAveJsp75Rh4fAV8KU11uCw2HP0nVz-pO6sepSyxS58fGZm_eQ=="
"Иоан Кронштадтский 13 х 15 3/4,Item,https://lnk.sortly.co/v2/downloads/photo/v2_wnSwWIxgYPjSYRWcQUyTNYfOOb9WxtnEgX2ylg0RllSpzYllNL8oHg=="
"Иов Почаевский 4 7/8 х 6 3/4,Item,https://lnk.sortly.co/v2/downloads/photo/v2_6nk2I-7-94X-_xHMWbogzhufY_CjAP-M4kI9MRLKHsiMDNb5etEUow=="
"Иов и Амфилохий 5 1/2 х 4 3/4,Item,https://lnk.sortly.co/v2/downloads/photo/v2_3H4L-7JpStTPDYEX_g6s7O4tiNAa69I6bgdT4vCfzsCSdc5OulebNQ=="
"Казанская Богородица 15 3/4 х 18 1/2,Item,https://lnk.sortly.co/v2/downloads/photo/v2_2VqMFiKukptaacN7DIprmV-Pr_xmMqNJ_ET7EAw1OusgC1qzhJgOZg=="
"Киприан и Иустиния 9 х 10 1/8,Item,https://lnk.sortly.co/v2/downloads/photo/v2_X8zDZV78V_lfBDSnEoZH-i52Rlg1FfKgcZ0sJK8U7LOx5K2sk2-bsQ=="
"Космас 8 1/4 х 11 1/8,Item,https://lnk.sortly.co/v2/downloads/photo/v2_w9XM7_2NE62pTrPo9GHcgHNAIC6_NnaGO3ljC43oEMFR-P9AeHEZHg=="
"Крестовоздвижения 12 3/8 х 15,Item,https://lnk.sortly.co/v2/downloads/photo/v2_RCATGbEl1yxJPVVUi7rNrRskl-2geTx-dcS0DHG8zy-AmaRZLS_iqg=="
"Крещение 12 3/4 х 15 1/2,Item,https://lnk.sortly.co/v2/downloads/photo/v2_ZNKQO_pPsSM1J_6rMJARzKq-WHv3Sk-oa7zwcg6TTuEAkscFr5XrMQ=="
"Крещение 8 1/8 х 10 1/8,Item,https://lnk.sortly.co/v2/downloads/photo/v2_vYRLBLduwIdGig_66DCKeoaIyuEG2ciD0FYXcuCLcI0h7HuxID-tPA=="
"Крещение России 10 1/4 х 13 1/4,Item,https://lnk.sortly.co/v2/downloads/photo/v2_1fCkIgRctmKQOWtfD25X8k_U9r1-qanwj8wVoH4ucnZ4eE5831s4LQ=="
"Ксения Петербургская 3 1/4 х 5,Item,https://lnk.sortly.co/v2/downloads/photo/v2_AochQb4MTNfAKfA7JIJILpdavchTfr89bLS4D259d9b6pXCrnhneIQ=="
"Курская коренная Богородица 13 х 15 3/4,Item,https://lnk.sortly.co/v2/downloads/photo/v2_n0hHHmV87ny8jToyBXT9hzW2VdbmqEDVk9ICSqfISdKRrVSjGUA7Yw=="
"Лука Крымский 10 1/4 х 11 1/4,Item,https://lnk.sortly.co/v2/downloads/photo/v2_Hqjwekt_HHXFNhqbZegm_p1miGBd--qzXeszA5V9Nin8wCy3eDVM9w=="
"Лука Крымский 13 х 15 3/4,Item,https://lnk.sortly.co/v2/downloads/photo/v2_IbU4b6czCh0EHlkUuln9lwX1d3mJioiNWIWIh_Nmku-6uAJ3rvrDBQ=="
"Макарий Великий 6 7/8 х 8 3/4,Item,https://lnk.sortly.co/v2/downloads/photo/v2_uOUW7YzMSunj4dxYSL4RTor4ICMMOun_obKlE8PSBuYQLlF3Tl48CA=="
"Мария Египетская 11 3/8 х 14 1/2,Item,https://lnk.sortly.co/v2/downloads/photo/v2_cxrmxd13JKtH6RDbPvkbic0lINOtXPUPRcSlgdMSooFiVMRDElpBwQ=="
"Матрона 7 1/4 х 8 3/4,Item,https://lnk.sortly.co/v2/downloads/photo/v2_lw0gv_uLGJykdKW_cm6QqExXzGZWsbLY-kMFdgHQ4cOh65imz0zBSw=="
"Не Рыдай Мене Мати 10 х 15 1/2,Item,https://lnk.sortly.co/v2/downloads/photo/v2_W6suimClnwQVQvENc-ujzmVVZBOiRYCuKvDJMzGPrpTG_XwiirIh6w=="
"Нерушимая стена 13 х 15 7/8,Item,https://lnk.sortly.co/v2/downloads/photo/v2_c_OwaOlVkKJpPSTaysL8jWRm_CXs0myzrhNSpstdHkmg5_xouXxSNw=="
"Нечайная Радость 9 х 12,Item,https://lnk.sortly.co/v2/downloads/photo/v2_UZ8zXepdd7sCobi7yfDho0gIqgQYj581rl24ff7JqJNtnIOVc8YgZA=="
"Николай чудотворец 7 5/8 х 8 7/8,Item,https://lnk.sortly.co/v2/downloads/photo/v2_darFVh54OfmT2p1mqNQGtZN20sQf8yZTVX4zWnDvHWWw1sse52RQpQ=="
"Новомученики 11 1/4 х 14 1/4,Item,https://lnk.sortly.co/v2/downloads/photo/v2_-CxLX3Z9eSzNzIom53n83EraegUH5opBBXs2MIbPfthyCRIGFjsCiw=="
"Параскева 12 х 16,Item,https://lnk.sortly.co/v2/downloads/photo/v2_uB7T8ew8Uy2RwWwT3AnMfXFdTQgqGiho9ffuz9nfaF-6NIJFy9VkaA=="
"Покров 10 1/4 х 12 3/8,Item,https://lnk.sortly.co/v2/downloads/photo/v2__XNJkHmpnGIwWZyFTGQVqIu-XADp4jjgrYKH8U54nETj1jHxjlkSYw=="
"Преображение 12 5/8 х 15 1/4,Item,https://lnk.sortly.co/v2/downloads/photo/v2_RSmQACDGqxJePXyYVPRNs0CcWlSCqnWdNZ0uSwTpdLe7q5MmLBWGTQ=="
"Пророки Илияи Елисей 8 5/8 х 10 1/2,Item,https://lnk.sortly.co/v2/downloads/photo/v2_htoquctWMwPt26xNDIH53-0n-n3oPzXT3fHNE7yzS4KvSAJN_p88zw=="
"Пётр и Феврония 9 3/8 х 13,Item,https://lnk.sortly.co/v2/downloads/photo/v2_qeGuvebZbyu8cV6XbVBXzJ2uOiOKUHutW9iBqnkH6GWOPQViR0scyQ=="
"Рождество + Крещение 8 1/4 х 9 1/2,Item,https://lnk.sortly.co/v2/downloads/photo/v2_Wm6IY9BFLAFERiKLyX4IsBhHFn91e7y5yW-mXzIpid14BZ2ihFJi6w=="
"Рождество 12 5/8 х 15 1/2,Item,https://lnk.sortly.co/v2/downloads/photo/v2_zUMW5ttV6XTIFCOlhmM1TPyeZMtZGsrCKtzvhSlBBEpr0HbJdIKQZQ=="
"Рождество Богородицы 12 3/8 х 15,Item,https://lnk.sortly.co/v2/downloads/photo/v2_7Uc8IZDAhxlfGuqDraOQA8rWe20pSv0MCZFmqxiNr4k4tLbCMIUvjw=="
"СВ. Григорий 8 1/8 х 11 1/8,Item,https://lnk.sortly.co/v2/downloads/photo/v2_U_Q1q-10Yys97geSJKbE1I4EjkbL75smheKI2PL_G91T-iDkFLXdTw=="
"Св Владимир 11 3/4 х 13 3/4,Item,https://lnk.sortly.co/v2/downloads/photo/v2_wDdZcn6AtKBldy6M-oTSyPDJmXt_-VvzFzxE_Hf5ZSPWA9IWO962uA=="
"Св Евгения 9 3/4 х 17,Item,https://lnk.sortly.co/v2/downloads/photo/v2_RuGU9ZwnyS50JwI5OtJrhCUCLaw4mYKQQxb72jJmO3S2JXCpA4-gQA=="
"Св Сава 6 1/4 х 7 3/8,Item,https://lnk.sortly.co/v2/downloads/photo/v2_C5VVq9BiLjZXC5oH5RlvjOcQslX_M3ZpkO0hqj7ORH2Ajd-8S1wBig=="
"Св Серафим Саровский 6 7/8 х 8 3/4,Item,https://lnk.sortly.co/v2/downloads/photo/v2_Y1OlXJVEKY2hBT3DfTBxaVeq6D5C-NNRsDNR8dE2m5g4T3Noc5oMNA=="
"Св. Адексий 19 3/4 х 23 3/4,Item,https://lnk.sortly.co/v2/downloads/photo/v2_0K9aIXAs7ItVJMaqqH9sfALvu_eixiz61NtH0TBafAFSnOSLSbVVOA=="
"Св. Александр Невский 10 5/8 х 12,Item,https://lnk.sortly.co/v2/downloads/photo/v2_DBzk98tYblWQh33rjuP9K9T2FGPJkyNkp-QV0lJsxCmuYfkASTVW2A=="
"Св. Алексий Московский 19 3/4 х 23 1/2,Item,https://lnk.sortly.co/v2/downloads/photo/v2_ClYnvftWWz9BKBWwEwqFQd_1v2NqMxsKKilgQK-f0beCVFjE8lmhFg=="
"Св. Антоний и Феодосий я12 1/2 х 15 1/2,Item,https://lnk.sortly.co/v2/downloads/photo/v2_5G5QRHQKf2dQ4VOaR84nZBKQnAnKHoiUABOIHMyo6YSZtl-C05ybuw=="
"Св. Апостолы Пётр и Павел 10 1/4 х 11 3/4,Item,https://lnk.sortly.co/v2/downloads/photo/v2_liNb1HiUIOqSEa40uN-SoslIpO3wc00kYt_obrdhML1TCf0Wa0Q34w=="
"Св. Борис и Глеб 15 3/4 х 19 3/4,Item,https://lnk.sortly.co/v2/downloads/photo/v2_INjoXsAllfkYRvJG-y5ogSBnr1AAVm3SlLV9nz1KJrxvpxdUYDYCMg=="
"Св. Варвара 9 х 10 7/8,Item,https://lnk.sortly.co/v2/downloads/photo/v2_zGdG8pX15dtRL_8TpXbdK1SfEFO3rvdfXoQCFBzwXPzhACX-vGHsMw=="
"Св. Василий 11 3/8 х 15,Item,https://lnk.sortly.co/v2/downloads/photo/v2_G74b-b7VmKha4hJuqUJ2aJDnlHrICCBJfRyJ7PURKYAEGSH3Age9iw=="
"Св. Василий и Евдокия 10 1/4 х 12 3/8,Item,https://lnk.sortly.co/v2/downloads/photo/v2_MCkAWqAv5HL1baFdRewO58lO-MM5YRMr8lxcwe6E3wrO4HbWTTf4hQ=="
"Св. Вера 14 5/8 х 19 1/2,Item,https://lnk.sortly.co/v2/downloads/photo/v2_AV0dE6U9lIckYVzcAx2JUNLlqMkaaVcq9y5Ia1tWrF4mvVWOU67Siw=="
"Св. Герман Аляскинский 10 7/8 х 15,Item,https://lnk.sortly.co/v2/downloads/photo/v2_23fgVMJ1wamjDzS3feXVFkcqpkYwlrAbFJeYvfY3kp2-mDBhJ8eCZQ=="
"Св. Евпраксия 13 х 16,Item,https://lnk.sortly.co/v2/downloads/photo/v2_TXrW8488LPVfCNYtyzVc8Ea380iZCnK9Cuvgey1UeK7oE2rUq61-zA=="
"Св. Жёны Мироносецы 15 3/4 х 18 1/2,Item,https://lnk.sortly.co/v2/downloads/photo/v2_Rr7pJMjFmJ1X1jL-QBEi-GmIuM-RnTByvR3Y1qgXkl-mvYxKYYK79w=="
"Св. Игнатии Мариупольский 12 5/8 х 15 3/4,Item,https://lnk.sortly.co/v2/downloads/photo/v2_yzpovZtBpszahnHolYBQgihvjlhUFktE0HChR6qT6iUkZSQzWJXqIQ=="
"Св. Инокентий 4 3/8 х 5 1/4,Item,https://lnk.sortly.co/v2/downloads/photo/v2_w9xVyAqquxNz-TInxcunGq_HNB9LMB8w08nXUnHgC9vmZkPgVpp0Cg=="
"Св. Иоан Shanghai 15 1/2 19 3/4,Item,https://lnk.sortly.co/v2/downloads/photo/v2_2sDclzFPG4YXBgKrbhPews8TjC4zINYXGLs8-WxtfFtZo6N3XZ7nSQ=="
"Св. Иоан Кронштадтский - 16 5/8 х 13 7/8,Item,https://lnk.sortly.co/v2/downloads/photo/v2_VGckjeuvTfGxDKOhrvTDsi5RcGjlUbR-nsK8gd1B2fd2tdNpdfcWEA=="
"Св. Иоанн Рыльский 8 1/8 х 10 3/4,Item,https://lnk.sortly.co/v2/downloads/photo/v2_5vx8sqx7-KfD7p8QrLAodvmQVJXbmRO79nAW4266DzRHNDVGhq47Xg=="
"Св. Ирина 9 1/2 х 11 5/8,Item,https://lnk.sortly.co/v2/downloads/photo/v2_A_sxAfv7dmsaKqkryDSM3NpFFi52bOboAEYs0Yz_H50VRJUW8jkqiA=="
"Св. Ксения Петербургская 17 1/2 х 21 1/4,Item,https://lnk.sortly.co/v2/downloads/photo/v2_i8kVOk5r9GQmAUHJC8U3Doh_b8LX683DU1x7X_vEu0shQ-O4pQCVZQ=="
"Св. Лука Крымский с мощами 11 3/4 х 13 7/8,Item,https://lnk.sortly.co/v2/downloads/photo/v2_3WqG6AysmSvMiLA6HY-mUM-ZtBBYXp0WvSnHUWtP1ekCVIaIEZ7ftA=="
"Св. Николаи 4 х 4 1/2,Item,https://lnk.sortly.co/v2/downloads/photo/v2_fo_IQExorG1wcaWmKBEIe0bwzl2uuIswBmTTtBoSPYnihoHPI7wYRw=="
"Св. Николай 17 3/4 х 21 5/8,Item,https://lnk.sortly.co/v2/downloads/photo/v2_fqGn7jshknP5ue4Dqg50J3FRfJHIqjuEcn4_H-UqaOYuCEzL03yK4A=="
"Св. Николай 22 3/4 х 25 1/2,Item,https://lnk.sortly.co/v2/downloads/photo/v2__lbxzzyWeC3KtJaXWOZepeaTNtUEAzMhD25z8Fx0lU3GCCeLjNeU3w=="
"Св. Ниль Столбенский 11 1/2 х 13 1/4,Item,https://lnk.sortly.co/v2/downloads/photo/v2_cxAgYI-D6NajVAE-71H3-7pY8-tdpbmNcxCcr9pnD4mt4DXbivzvxw=="
"Св. Патриарх Иоан 15 1/2 х 18,Item,https://lnk.sortly.co/v2/downloads/photo/v2_e59dxe6pUTrH86Tjvf9Y3E68e2tM4tgVG5TmrYQg5dqKx2KXKmpV-g=="
"Св. Серафим саровский 10 х 13 5/8,Item,https://lnk.sortly.co/v2/downloads/photo/v2_Rb0CmbCp1pr6KxKnG19OriTgLmPkxyZStCotpJxL2IIfAPraf4LlEA=="
"Св. Спиридон 11 7/8 х 15 3/4,Item,https://lnk.sortly.co/v2/downloads/photo/v2_xNdowDOWZbm-Q0xSCIRWyF64as6r1DffhomjMK-sX2_wLVQbIs3zBQ=="
"Св. Спиридон 5 1/2 х 8 1/4,Item,https://lnk.sortly.co/v2/downloads/photo/v2_sGvNmIMqAtAEeTx5TN4HR9ifsKOYU916utxxZQYgx8d_uL3UYwAlEQ=="
"Св. Татиана 15 3/4 х 19 3/4,Item,https://lnk.sortly.co/v2/downloads/photo/v2_3EhoxnmzvxTRvGG-oVwUCM-UbTOvDkqA4w3olhbSNBjr8m2Jc9DCVA=="
"Св. Феодора 7 х 8 1/2,Item,https://lnk.sortly.co/v2/downloads/photo/v2_YAUu-CY-fPGEuXJi4Fu432R-fmZpBodHse6fag58q2WVR3jHT0FM0A=="
"Севастийские мученики 9 1/4 х 12,Item,https://lnk.sortly.co/v2/downloads/photo/v2_-aUOXLGbmt3ukNrVJadVUy_mE_0E-joypduh1jIWeMPfQAsv7gqxxg=="
"Серафим Выредцкий 9 7/8 х 11 3/8,Item,https://lnk.sortly.co/v2/downloads/photo/v2_qqTtG_eRCrzAY6BUgwJuDzALHij8ZmhpWrolOn7-b293A_UpOqjPjw=="
"Скоропослужница 13 х 15 3/4,Item,https://lnk.sortly.co/v2/downloads/photo/v2_IKLVeZRjhuN1bBD-ObiLxPOs2wVmwqHs70AYGazeeem_654towOYsQ=="
"Собор американских святых 9 1/2 х 9 1/2,Item,https://lnk.sortly.co/v2/downloads/photo/v2_s5ueHKpnj0Xlhg-iplka2eRdgmtuX0Hn5zbZSCKkO7SPtTtn8HQOQw=="
"Спаситель (Пантократор) 17 1/4 х 21 1/4 [broken],Item,https://lnk.sortly.co/v2/downloads/photo/v2_Ry6QhFmTz4yaKgmShbiwYmcFUs_Y5UTsuyoM5xVkSjY9spKwQLlm_g=="
"Спаситель (нерукотворная) 25 х 33,Item,https://lnk.sortly.co/v2/downloads/photo/v2_JIU0r8qlMLRQX7LYBdt_AXLjwR2N_hohoCBTzMkTywFdI0Il9gru5A=="
"Спаситель 10 3/4 х 12 3/4,Item,https://lnk.sortly.co/v2/downloads/photo/v2_e92-RKuWsPxnVhY2FhpjO98xd6l0kNJo5kTXyxo0cPQUpx9iZVp7iA=="
"Спаситель 10 3/8 х 12 3/4,Item,https://lnk.sortly.co/v2/downloads/photo/v2_lcRNA9tsvV3XmD3Isq2j2z20L--AecMIQv1igz-EGy6neBZekrCoFg=="
"Спаситель 11 3/4 х 19 1/2,Item,https://lnk.sortly.co/v2/downloads/photo/v2_cHrPCKoYLnVOdQeexP6iU7yTwrebCQxjxSGI7I1Da2KEk5aWuAXo9g=="
"Спаситель 2 х 2 1/2,Item,https://lnk.sortly.co/v2/downloads/photo/v2_2hV2pRjM3ShepSvTzwrbekRGR78ObFDZ2CTQQmy8afEQ73EIk4PFBw=="
"Спаситель 6 х 7,Item,https://lnk.sortly.co/v2/downloads/photo/v2_M23COnL3Mums4hn2DRjRYCm1ts5H5ejbO8FPTuO3VNaCjDcct6MlnA=="
"Спаситель 7 1/2 х 8 1/4,Item,https://lnk.sortly.co/v2/downloads/photo/v2_fanrqGOlpPsHcv15rbLIINX5J9urtNihCg_YqdzvpR2biRdaelY1pg=="
"Спаситель 9 х 10 1/2,Item,https://lnk.sortly.co/v2/downloads/photo/v2_ZDXZSLxgpZB9fzpEeHYE0Q2KY6rH7F9DHauuug-2g_UsOue9VDgX8w=="
"Сретение 12 5/8 х 15 1/4,Item,https://lnk.sortly.co/v2/downloads/photo/v2_wJXs7LENUnikk5th4B_vGLSR-pDQALW3mzXSvAqK2rRcmhy9B2Enlg=="
"Умягчение злых сердец 13 х 15 3/4,Item,https://lnk.sortly.co/v2/downloads/photo/v2_ettxIFhPh8gPtanyD4A5qly9EcHmhZ12qZwCFn2MWYgQEB_scWjTKg=="
"Успение 12 3/8 х 16 7/8,Item,https://lnk.sortly.co/v2/downloads/photo/v2_Wz3CCbZfUp-Rb3Fk1wEI3lylzEDo1-33t0fduFhB5Ey9xf_03EUVfA=="
"Ферапонт 7 1/4 х 8 3/4,Item,https://lnk.sortly.co/v2/downloads/photo/v2_HE-RWqzsa5-ivlGA1V6zvzzpjq9BCEYR5x7c4LBkOIBWXF5hHTjbcQ=="
"Царская семья 8 3/4 х 12,Item,https://lnk.sortly.co/v2/downloads/photo/v2_VOxhM4TO4XLXQmJZNb7Lq_BJKK-_3SfJO9owFpV0tNZ9WIWiNQT-_Q=="